42-61,42-106,47-77,50-104,53-106,62-96,63-77,64-99,75-79,76-79,76-80,76-178,77-102,77-175,80-176,81-89,81-90,81-174,83-148,83-149,83-150,83-152,89-141,90-165,104-174,105-165,107-110,108-167,113-195,116-122,123-299,123-300,124-225,124-298,124-300,127-223,129-297,131-255,131-256,154-161,156-196,156-210,157-161,158-214,159-195,160-195,161-173,161-175,161-176,168-297,172-174,187-189,191-193,193-239,194-228,194-243,195-218,195-221,197-207,199-207,207-274,208-271,213-229,215-259,217-248,219-255,229-233,232-238,244-269,247-249,251-263,251-264,256-287,256-291,259-283,259-284,297-299,298-300,301-303,27-82,32-55,39-59,40-53,44-47,44-67,44-70,47-70,47-74,47-179,48-70,58-93,65-70,66-70,66-71,68-72,69-72,69-73,70-74,87-170,90-175,94-102,111-161,114-160,115-225,116-218,121-302,121-303,122-301,122-302,123-302,124-126,124-302,128-292,129-294,132-294,133-168,145-154,145-155,145-211,146-151,146-278,147-150,152-177,154-162,155-177,157-159,161-163,165-167,165-168,165-169,167-297,167-298,168-170,169-295,169-296,174-176,176-178,179-183,180-182,180-183,183-185,184-186,189-191,192-194,192-195,193-196,193-240,195-228,197-243,200-206,206-210,208-211,208-276,208-277,223-259,228-250,259-291,262-287,275-283,288-294,293-295,labels
4.51334,2.83109,3.73651,2.92703,4.27318,4.45411,3.77693,4.02397,3.00448,2.90591,2.61342,3.01775,3.29764,2.61166,2.72451,4.13582,3.04659,4.53029,6.98172,8.03743,8.49984,5.51825,4.7687,3.55138,3.32795,2.97942,2.77264,1.82105,2.50103,2.77755,4.84695,4.61724,3.75803,4.87886,2.19977,3.75062,5.92766,2.95644,3.54182,3.01411,4.60871,4.43975,2.13558,3.82916,2.6082,3.14653,4.19228,3.11644,4.78105,5.04026,4.63637,3.86785,3.71434,3.10979,2.52384,2.49856,4.14075,1.954,4.59525,1.93994,2.70341,3.8272,4.6358,2.9062,3.21568,3.82374,3.29237,5.11529,2.74895,5.68046,2.76751,3.05084,3.2308,14.2376,2.26574,2.64614,2.96213,3.77979,5.40775,6.17669,4.96796,4.80872,4.71659,3.91655,7.15365,3.96291,2.79645,5.61842,4.97466,3.96341,6.7216,2.28824,2.66517,4.45863,3.72403,2.68818,4.21522,3.91967,3.2925,5.01147,3.56276,4.32223,4.62672,4.42832,5.12708,3.54124,6.59466,5.38458,2.82148,3.58186,3.21527,2.76815,6.5166,5.77261,5.37238,4.00458,6.99596,6.01721,4.55612,4.93871,3.44674,5.27831,3.68952,7.77847,9.21988,5.15437,3.47215,4.73304,3.60833,4.31068,2.23198,3.63595,4.07135,2.04732,4.05793,2.45457,4.57045,6.0529,4.07925,2.82937,4.35954,4.16953,5.6376,3.87545,2.42202,2.79482,2.0906,4.68871,4.15235,8.65219,6.41441,5.46767,6.53455,6.72546,6.03047,4.94829,10.6672,6.05589,4.72046,9.68945,6.31304,0
4.50087,2.40675,3.87865,2.90264,4.05759,4.99264,3.42611,2.73471,2.81554,3.25684,2.67429,2.48815,3.31927,2.70427,3.20436,3.59876,3.35833,4.14962,7.91593,8.46268,9.79619,4.21792,4.54435,4.16869,3.58957,3.59795,2.85137,1.86268,3.18783,4.78933,5.72662,5.07184,2.66386,4.66051,2.10719,3.35064,6.19649,2.43048,4.39511,2.58305,4.75233,3.59739,3.76457,3.5619,2.60153,3.35246,4.4759,2.70532,4.99733,5.13205,4.3694,3.11434,3.3367,2.34698,2.47972,2.61321,3.16028,1.72091,4.52439,1.90458,3.07551,4.40169,3.87296,4.14492,3.846,3.85918,4.73837,3.16481,5.52375,4.89448,3.13349,3.06411,3.47566,15.1991,2.94757,3.15792,2.90008,3.97974,4.97206,3.46604,4.80238,3.67042,5.13258,4.58899,6.81451,3.94023,2.35872,4.99449,4.83369,2.65028,6.49931,2.55794,3.21749,4.69,4.28281,2.74731,3.97712,4.06736,4.25556,4.95773,4.8138,4.58209,4.41905,5.05443,4.70084,3.52093,5.04633,5.10438,2.23323,3.93912,2.67181,2.10568,6.09348,5.98866,5.32988,4.16664,7.01314,5.97177,5.22922,4.5531,3.98797,4.06822,4.81463,6.45862,9.3815,5.11043,4.06084,4.61515,3.84378,4.04782,2.55912,3.86316,4.08206,2.50711,4.19597,2.58406,4.49393,7.21216,3.21121,4.71574,4.23091,3.98505,5.69125,4.16194,2.48269,3.02385,2.16528,3.84523,4.26948,8.4178,6.10768,5.58258,7.31009,7.77294,5.98983,5.00666,11.7822,4.99577,5.81206,9.39465,6.21448,0
4.11454,2.15821,4.49664,4.66221,4.18573,4.18731,3.81736,4.20195,2.56455,2.86544,2.43992,2.72907,2.57718,3.25339,2.43482,4.03522,4.10189,4.56601,3.19709,4.14582,5.59771,2.12021,4.41153,3.08812,3.08651,3.45463,2.2092,1.71749,3.44991,2.96092,4.2952,3.89772,2.70372,4.99957,2.07521,2.8212,6.35334,2.24362,3.8837,2.37633,3.74795,3.65673,3.77591,4.36115,2.48852,3.07452,4.99294,2.2409,4.94506,5.21529,5.01088,3.84846,4.35877,2.27068,2.54716,3.79829,2.91015,1.84245,4.72515,2.13567,2.41976,3.95876,5.22021,3.94568,4.57504,3.49393,4.17812,3.12993,4.56282,4.16246,2.00919,2.71129,2.71787,14.4558,1.96796,2.75745,2.89515,3.81712,5.0703,4.64498,5.51889,3.78153,4.11415,3.95687,7.44275,4.29476,2.51065,5.63425,3.43675,3.71372,4.63862,3.04464,4.2448,4.68895,4.68591,3.37039,4.99364,4.30604,4.38807,4.44854,4.91285,4.52404,4.38986,4.21125,5.59525,3.10419,5.32358,5.12659,2.86558,4.10501,2.8239,2.59463,5.9249,5.80806,5.39087,5.0707,7.0158,6.54047,5.08405,5.52432,4.33662,5.22976,5.41059,5.35851,9.3871,5.50078,4.07927,4.26126,3.20765,4.34374,2.15317,3.64126,3.64267,2.14312,4.16457,3.26601,4.5536,5.63034,3.99692,4.53746,4.41427,3.80844,5.47981,3.70233,2.68781,2.50487,2.39629,4.45253,4.13866,7.98733,5.71176,5.60547,7.47989,7.76841,5.44276,4.74125,11.0253,6.37927,4.85012,9.74936,6.42579,0
4.65797,2.46239,4.84954,4.74151,4.63559,4.1814,3.46,3.15445,2.70688,3.39992,2.8488,2.48732,3.00743,2.82691,2.44736,3.89717,2.90788,4.40121,4.92428,2.19683,5.15414,3.62663,4.63947,3.84448,3.13244,2.71528,2.25665,1.82374,2.52416,2.63961,5.15719,4.68205,2.60061,4.43821,2.42515,3.51769,5.70386,2.44557,3.45586,3.07471,3.8092,3.62535,3.55456,4.40229,2.85617,3.01796,3.69341,2.85998,4.69634,5.01173,5.00048,3.94071,4.05975,2.28729,2.92274,2.46627,4.20966,1.85584,4.64397,1.66349,2.87966,4.31825,5.78751,4.16933,4.46589,4.0269,3.91999,2.78793,5.22328,4.75414,2.95356,4.04853,3.25241,14.3499,2.65412,3.64304,4.95467,3.82906,4.94101,3.02531,4.73967,3.51232,4.41333,4.60543,6.67206,3.86635,2.13426,5.54568,4.99958,2.97728,6.01471,2.60143,2.61475,4.2485,3.10661,2.68845,4.4254,4.29952,4.20944,4.13088,3.97991,4.51334,4.8555,4.5848,4.77103,3.40837,4.66832,4.53452,3.40294,4.15911,3.23372,2.25848,5.67746,6.82117,6.10486,4.31211,7.213,6.09878,5.13149,4.767,4.00414,4.23596,2.75276,7.26752,9.45074,4.4667,4.20569,4.95631,3.95309,5.38956,2.38852,3.54088,4.14372,2.18543,3.74321,2.57487,4.13242,6.47319,3.13987,2.75609,4.04162,4.66063,4.9684,3.96993,2.58189,2.14713,1.98488,4.7351,4.85596,8.36988,5.90634,5.04553,6.38365,6.67873,5.83668,4.50906,11.5194,5.69589,5.6328,10.5528,6.26893,0
3.97741,2.91885,3.50209,4.98714,4.07415,4.83855,1.76321,4.52595,2.98691,2.49516,1.91183,2.74819,2.96249,4.01913,2.96008,3.96002,2.9829,4.72707,3.36984,3.98278,5.10306,3.24586,4.36756,3.362,3.75591,2.93483,2.46856,2.01331,2.50999,2.59056,3.88632,3.7076,3.18109,5.0579,2.60397,3.14482,6.04122,2.53317,3.68688,2.99849,4.61567,3.91198,3.29015,4.03849,2.70294,3.31128,3.56276,3.05155,5.00283,5.11213,4.98825,3.32615,3.57775,2.47985,2.43931,2.96136,3.71234,1.89875,4.37176,1.98148,2.95955,3.96655,4.24915,3.71755,4.54976,3.5798,4.12176,2.30889,4.69239,4.76118,2.6485,2.55431,2.75824,14.5466,2.13422,3.20586,2.96693,4.20044,5.37213,2.38895,3.69179,4.22143,4.48373,5.72071,10.5619,8.00093,2.63922,5.62442,4.88109,4.27698,3.57815,2.65763,3.14866,4.40206,3.42011,2.48376,4.40149,4.11254,4.78941,4.25302,4.54001,4.60558,4.96115,4.95822,4.27272,3.61697,5.08676,4.91629,2.38822,3.54586,2.26532,2.69531,6.09367,6.21853,6.10679,4.3888,7.04106,6.11592,5.06431,5.32974,4.44815,4.36484,3.48147,7.54062,10.007,5.24246,4.0563,4.12029,3.50459,4.61972,2.15192,3.67692,4.11762,1.89225,3.97211,2.49763,4.15991,5.23603,3.19815,2.5334,3.96283,4.12451,5.58744,3.53011,2.76082,2.81569,2.33775,4.90827,4.20524,8.50248,5.86539,5.42167,6.33788,6.81302,5.72403,4.58139,11.8119,5.72615,5.35708,10.4146,5.94185,0
4.79362,2.95501,3.89303,5.00924,4.39812,4.36362,1.99415,3.74618,3.12041,3.07474,2.53037,2.41508,2.61235,3.13407,2.90851,4.04627,3.04973,4.08642,3.76155,4.44284,6.12459,3.33472,4.12122,3.20332,4.66192,2.72046,2.27849,1.74056,2.77663,2.80857,4.90722,4.89211,2.68659,4.43027,2.32828,3.78128,7.0698,2.33315,3.34408,3.19195,4.18803,4.5386,3.60962,3.90238,2.75935,3.01204,3.51836,2.99095,4.91182,5.37944,4.73117,3.57777,3.54985,2.42262,2.40592,2.76301,1.90476,1.82195,4.70906,1.74662,2.47706,4.182,4.0038,4.10641,3.76325,3.21863,3.63806,3.37775,5.28675,5.10629,2.7643,2.02097,2.51479,13.8447,2.32313,2.72561,2.71335,4.14972,4.59268,6.43968,3.53432,3.55075,3.99258,4.81278,6.66917,5.64666,3.12134,6.37703,4.9014,3.37169,4.77649,2.27732,2.04039,3.95578,3.23425,2.52884,4.64214,4.74517,3.66259,3.86914,4.54624,5.22731,5.52552,3.9065,4.45276,3.30559,4.59774,5.31177,2.25636,2.9515,2.38798,3.10423,4.93507,6.17616,6.0691,3.93166,7.02371,6.14643,4.96791,4.30933,4.08222,4.93634,4.70968,6.90787,9.21036,4.50668,4.29174,4.07543,3.2936,5.03117,2.56445,3.2907,3.83437,2.14622,4.31697,2.68993,4.18128,6.58561,3.28979,2.49188,3.87178,3.95009,5.25679,4.29807,2.49627,3.02839,2.07575,4.34882,3.9387,8.28549,6.13118,6.03652,6.36491,6.67557,5.22863,4.19337,11.4585,6.02495,4.65744,10.0784,6.04367,0
4.75037,2.17528,4.40233,4.37476,4.45807,4.34286,1.74372,2.25282,2.87771,2.42763,2.85683,2.39469,2.53883,3.12698,2.56141,3.86589,3.76555,4.80247,5.76129,5.94946,7.25685,2.73726,4.49425,3.10394,3.59758,2.71229,2.56398,1.81515,2.96261,2.67141,3.98009,4.5361,3.00171,4.64003,3.34653,3.01058,5.80089,2.26335,4.43805,3.12905,4.70621,4.63499,3.12788,3.82122,2.90982,2.7909,4.09606,2.65142,4.72784,5.06096,5.00465,3.98037,4.40938,2.46339,2.75951,2.45021,4.72656,2.45092,5.04839,1.80115,2.4346,3.89231,3.67539,4.45095,4.26886,3.12538,5.87938,2.33688,4.74034,5.6161,2.4153,3.56345,3.45102,15.083,3.70647,3.24458,2.22431,3.50134,5.90625,6.86799,4.40875,3.60188,4.38886,4.89398,7.57778,6.94162,2.61578,6.29533,4.99856,2.21952,5.29261,2.08722,1.95618,4.41844,2.8811,2.66279,3.96414,4.13379,4.01332,4.86184,5.11326,5.09103,4.9114,4.39572,5.14505,3.13531,5.53494,4.8089,2.33384,3.58528,3.10785,2.22755,6.53315,6.15463,5.8423,3.8193,7.07595,6.15329,5.27965,5.30211,4.2693,4.4341,5.19731,7.83929,9.45134,4.7565,4.51248,4.37415,2.92053,4.60953,2.50264,4.14507,3.53071,2.00776,3.69039,2.79077,4.35227,5.2293,3.72762,2.32491,4.06396,3.83149,5.10048,3.77869,2.34783,2.94293,2.2693,4.86515,3.58051,7.85833,6.04979,5.68317,6.53342,6.7482,5.06274,4.5419,11.692,5.45077,3.84311,10.4773,6.57831,0
3.76265,2.50319,3.98255,3.7771,4.38625,4.62458,1.72272,4.472,2.77919,2.77026,2.70859,2.29119,2.31153,3.23347,2.75696,4.96124,3.28745,4.8166,5.84664,5.19958,6.69821,2.82245,4.08489,3.88983,3.41969,2.55977,2.32702,2.08202,3.33836,3.02154,3.70781,4.38514,3.06209,5.09476,2.25507,3.25201,6.53685,2.67702,4.58848,2.74811,3.36502,4.24751,3.2005,3.87775,2.77302,3.08944,3.75985,2.13887,5.03388,5.10414,5.24649,3.8269,3.92729,2.46889,2.33345,2.96421,3.5504,1.94804,4.84732,1.91195,3.24867,4.12098,3.70671,5.43904,3.761,3.84436,4.97271,2.71736,5.09326,4.35578,2.8502,4.16807,4.17557,15.4749,3.57447,4.62059,3.12483,4.17208,4.89777,4.85343,3.64241,4.37257,4.49667,6.68361,10.2824,9.05479,2.62638,5.80717,4.33211,3.02404,5.99371,2.43575,1.81789,4.43582,3.04268,2.19992,4.4095,4.33652,3.71878,3.93652,4.82537,4.78737,4.84839,3.67777,4.72492,4.56737,7.32976,5.00376,3.99045,3.70287,3.56239,2.69525,5.33236,6.27751,6.03152,4.12202,7.04459,6.05858,5.48937,5.38593,4.35743,4.68323,3.8406,5.81279,9.41599,3.90198,4.47046,4.29047,3.64854,4.45788,2.58872,3.80406,3.63648,2.16212,3.82089,2.80558,4.30624,6.83777,3.47458,2.55738,4.16646,4.35988,5.44063,4.06241,3.16043,2.68494,2.00463,4.22815,4.60482,8.88766,5.89268,5.98027,5.59081,5.99968,5.64776,4.39657,12.4492,4.93354,4.92756,10.2713,5.87095,0
4.29455,3.22367,4.52862,2.35842,4.13708,4.18094,1.66122,3.26638,2.8328,3.31684,2.15566,2.52321,2.18959,3.52638,2.29871,3.39706,3.37761,3.63762,2.59488,3.84461,5.27231,3.43311,4.69722,4.33598,3.96891,2.60985,2.82087,2.0844,2.97594,4.18092,3.63808,3.53632,2.79528,5.45726,2.33663,2.92332,5.9581,3.31034,3.92147,2.68923,3.36515,3.94636,3.44089,3.57681,2.65553,2.9543,3.07702,3.13158,4.57957,5.17273,5.16674,3.66985,3.6736,2.95948,2.36709,3.29795,4.78845,2.00647,4.58844,1.59018,2.71922,4.29516,4.32291,4.76451,4.71612,3.38067,3.9631,2.79669,5.17983,5.11821,3.00896,3.01004,3.33478,14.6314,2.88126,4.50457,2.84788,3.93556,5.14964,5.14047,3.97522,4.44905,4.72026,6.48115,9.73198,8.15352,2.06888,6.04494,4.54753,3.4212,5.08533,2.16932,2.08955,4.47824,2.61386,2.60508,4.33581,4.08198,3.74116,5.15145,3.8759,4.533,4.77546,4.52522,5.4501,4.15652,7.86239,3.95144,2.87363,4.51173,3.02084,2.10688,5.0516,6.23408,5.63549,3.99319,6.65503,6.56189,4.74262,4.91739,4.02629,4.28691,3.99957,6.62965,8.258,4.96927,4.09526,3.8337,3.64157,4.30232,2.58972,3.80418,3.85354,2.61293,3.9616,2.884,4.16772,6.4069,3.59108,4.50406,4.53132,4.18964,5.79709,3.74769,2.57762,2.45972,2.08043,4.49888,4.29836,7.04452,4.70843,5.52805,4.93289,5.61835,6.27695,4.24012,12.2198,5.77593,4.51746,9.64522,6.66078,0
3.65747,2.28475,3.78029,2.01497,4.59439,3.17865,1.83234,2.20305,2.64141,2.71913,2.84478,2.3829,2.91174,3.33512,2.6644,3.97615,3.52946,4.26769,2.54641,4.31167,6.06185,3.24131,4.09764,3.31677,3.96279,2.73895,3.10482,1.79971,3.0481,2.46254,5.17188,5.0714,2.75757,5.08092,2.68456,2.50583,5.3803,5.40904,4.62557,2.47151,4.62094,4.589,3.48277,4.05354,2.76373,2.96972,3.49997,2.45384,5.19962,4.58905,5.25533,4.09271,4.0412,2.37762,2.59687,3.26586,3.80075,1.65325,4.60733,1.86715,2.27387,4.79157,3.5421,5.55348,4.2369,5.6788,3.63791,2.5695,4.98133,4.79877,3.08915,2.2237,3.89441,15.7994,5.09971,3.94393,4.24669,3.95605,4.51969,7.05881,4.79928,4.76296,4.73998,5.45244,8.74102,6.21105,2.4155,5.2284,2.63029,3.13763,5.73282,2.73058,3.25354,4.59827,3.30879,2.54995,4.05828,4.04558,4.01299,5.08704,4.42158,4.52358,4.53239,4.10052,5.57455,4.04619,6.73149,4.41966,3.01846,3.70427,2.32568,2.68517,5.51197,6.41136,6.50713,3.924,7.02764,5.52486,5.36805,4.92558,4.42778,5.34431,4.09162,6.07502,10.2698,4.83377,3.50694,4.17298,3.45761,3.79717,2.03809,3.98713,3.77691,2.32786,4.14735,2.38811,4.278,6.63726,3.47621,5.01904,4.3206,4.41036,5.83536,3.75796,2.54612,2.99118,2.25247,4.55735,4.52807,8.4462,5.8574,5.22759,5.66075,6.18365,4.57229,5.25162,13.362,5.5784,4.28343,11.7586,6.02668,0
3.82132,3.42873,2.84587,5.1581,5.19794,4.10261,6.95744,4.15717,2.85116,2.56359,3.41241,6.59504,3.56968,8.17344,4.84209,5.56972,6.91201,6.35047,2.80351,3.35661,2.64632,3.27349,4.95523,2.81519,4.28433,2.8943,2.25239,2.11513,3.40422,5.84032,4.96242,4.43329,6.60074,4.56112,4.74052,3.69302,4.91181,2.93189,4.58043,5.33979,5.80665,4.4205,5.08133,4.21593,2.71313,3.17271,3.87728,2.82443,4.33939,4.64845,4.45682,3.97495,6.15837,2.54434,2.73438,3.45856,3.28263,2.08272,7.38917,5.42588,6.33488,6.78968,5.51543,3.9581,3.34482,3.38907,3.28904,2.41251,4.73419,5.07401,2.73259,2.81658,4.57594,3.22876,5.44506,3.90442,5.62203,4.53396,3.79534,2.64337,5.49918,5.68782,6.10588,6.72477,6.32156,6.98002,2.3652,2.77425,2.30852,4.38273,3.62039,2.53236,3.58301,2.89359,3.93588,2.71545,4.40805,4.19644,5.53175,4.79454,5.11062,4.1305,4.61447,3.18303,3.84203,2.56232,3.23119,4.22868,3.56916,3.18986,2.2908,2.81635,2.31263,2.20576,2.45718,4.71065,2.10666,4.26941,4.60744,4.17199,3.67023,4.27257,2.6897,4.3041,3.10614,5.08255,3.36286,4.13891,3.66705,4.32899,2.66224,3.9698,4.13318,2.81841,3.91675,3.15771,3.81416,3.49214,4.18324,2.16678,4.58495,4.20962,3.54191,3.0432,2.78307,1.9483,3.14062,4.81497,3.53472,2.55821,3.23448,3.26659,2.14937,2.37054,4.63703,4.23288,2.55321,3.73152,4.29235,3.22434,3.91005,1
4.70453,3.91085,2.45441,5.45995,5.25205,4.78237,6.83168,4.39619,3.28716,3.08284,2.78861,6.3769,4.04778,7.42882,5.09966,5.62175,6.60214,6.53892,3.45658,3.54681,2.98023,3.65667,4.45179,2.62355,4.17265,2.4847,2.79145,1.98778,5.7563,6.06227,4.26951,4.35716,6.67943,4.57177,5.16773,3.79142,4.39198,3.79377,5.05093,4.11533,5.90074,4.85019,4.20381,4.07694,3.3323,4.27967,2.78023,2.90467,3.14837,5.10227,4.62889,3.75099,6.057,2.25379,2.51399,2.54377,3.45268,2.78722,5.56306,4.77315,5.34112,7.32977,6.44038,5.17137,3.37169,4.39298,4.27897,4.98841,5.61966,5.31615,2.39172,2.32675,5.04321,3.48742,5.30646,3.40948,5.42915,4.67224,3.6454,2.59217,5.11733,5.66403,5.214,7.1123,8.92022,9.5697,2.55713,3.81428,2.04946,3.90872,2.85333,2.24771,3.47899,3.09402,3.58831,2.39028,4.53284,4.96613,6.02077,4.96425,5.14664,4.30101,5.46334,3.25864,3.68081,2.94401,3.80683,3.90573,3.66954,3.38785,2.56191,2.85026,2.69779,2.26717,3.55027,5.11736,2.03779,4.21426,4.98072,4.60026,3.38477,5.00208,3.05695,4.83877,2.32493,5.17047,4.19416,3.57575,2.99741,4.02285,3.3267,4.69827,4.14626,3.59055,4.61031,2.23821,3.56857,2.93355,4.51767,2.97849,4.12457,4.19776,3.46409,2.56227,2.58888,3.03905,2.20712,4.11621,4.83869,2.74307,3.01885,2.56651,1.68598,1.86528,4.50454,4.83245,2.79669,3.74043,4.67808,4.14712,4.03755,1
3.84844,3.09659,2.87772,4.69087,5.05124,4.14763,6.2597,5.17373,3.04265,2.63791,2.20654,6.69385,3.73828,7.16471,4.53467,4.40054,5.90794,5.7159,2.99363,3.07109,3.10188,3.65754,5.24802,2.31687,3.83318,2.42482,2.48151,1.84378,4.64848,6.48602,4.27704,4.28489,6.59709,5.0425,5.91826,3.9766,5.24183,2.3894,3.81649,5.06429,5.37527,4.27129,3.91938,4.10821,2.58442,3.16416,3.07185,3.3543,4.17015,4.70454,5.03752,4.07023,5.84403,2.53235,2.67168,3.22397,3.33423,3.06564,6.21629,4.43012,5.18183,7.69533,4.89704,4.19485,3.15996,3.11911,3.51931,6.08297,5.56734,5.22144,2.47487,2.86412,4.40155,2.76519,4.23825,3.14967,4.74444,4.95373,4.74933,5.65656,4.15443,4.46796,4.00801,7.09985,8.77376,8.02369,2.41923,2.72147,2.59232,1.85087,3.73844,2.35045,3.72637,2.83508,3.98125,2.25248,4.40919,4.30486,6.10077,5.09659,5.23108,4.99507,4.99064,3.51838,4.42532,3.22998,4.67225,4.2083,3.18004,3.21488,2.54641,2.55444,2.17077,1.97405,2.55484,5.36161,2.56231,4.25975,4.10873,4.41374,3.72388,5.06657,2.34471,4.71242,2.92523,4.81591,4.13891,3.70556,3.2801,4.79289,3.60219,4.39544,3.85586,2.16758,2.98964,3.2902,3.78145,3.86117,4.17553,2.28646,4.31528,4.40157,3.4764,2.37809,3.12388,2.60889,2.38404,3.6618,4.14844,2.25334,3.50937,2.55897,1.80969,1.75404,4.89475,4.9744,4.1011,3.91678,4.39636,4.17838,3.83324,1
4.79277,3.58657,3.16897,5.18964,4.841,3.99015,6.53678,3.61107,2.52397,3.04125,2.34374,6.31821,3.60484,7.68011,5.62854,5.17686,6.46542,5.81862,4.54984,2.11761,3.70572,2.56212,5.2695,2.52744,3.26955,2.62801,2.73448,1.79178,5.40132,6.49602,4.2629,4.06139,6.7857,4.05143,4.92679,3.89085,5.35286,3.17705,5.14426,5.07392,5.05566,4.89299,4.65604,4.03844,2.72449,4.12812,3.60212,2.86201,3.66087,4.86144,4.88227,4.3463,6.10766,2.15852,2.27747,2.83131,3.38599,3.43402,6.04379,5.0501,5.22731,7.52599,5.00304,5.44565,4.16841,4.01295,4.63482,3.02889,6.47169,4.47349,3.19067,2.43668,5.02679,4.69799,5.34721,3.23371,4.473,4.9034,3.82621,5.05797,5.11516,5.01485,4.89735,7.51558,7.56885,6.97954,2.61075,2.43008,2.67146,3.27217,3.63514,2.32803,3.60536,2.77566,2.45407,2.4023,4.11406,4.0292,5.20464,5.03084,5.33217,4.97418,5.72793,3.24586,3.25568,2.68968,3.72483,3.70747,3.10633,3.10484,2.80667,2.633,2.43842,2.44877,2.6839,4.49259,2.36364,4.47646,4.28885,4.71812,3.97595,5.57388,4.75936,4.89585,2.02099,4.70368,4.09642,4.72213,2.99004,4.87411,3.06266,3.85389,3.5625,2.97303,3.90803,2.04318,3.80618,3.64164,4.45196,2.173,4.56814,4.59816,4.36978,2.39464,3.06702,2.85954,2.21076,4.95247,4.48506,2.04514,3.19364,2.99045,1.68144,1.97278,4.78735,3.92667,2.64395,4.40753,4.27967,4.88757,3.47281,1
5.98612,4.36261,2.75447,5.81053,3.91848,4.19436,6.70903,4.04662,2.43568,2.56783,2.29512,6.30018,3.12514,7.50331,4.45407,5.50691,5.12079,5.85956,3.83903,2.63215,3.60711,2.79564,4.99271,3.01389,4.80196,2.8807,2.50837,2.12076,5.0232,6.76151,4.34013,4.00943,6.42172,4.73671,5.57805,4.00669,4.90884,2.62369,4.62326,4.54314,5.1427,4.59106,4.02786,3.63149,2.62443,3.65476,4.10807,2.71713,3.40447,5.11065,4.69778,4.04239,6.2135,2.51507,2.41244,3.1389,3.43586,3.36877,6.61892,4.71572,5.80876,6.87214,6.00045,5.85776,3.49085,3.6554,3.28193,5.49509,5.80498,4.97033,2.72022,2.61605,4.66591,4.70946,5.40934,3.26443,4.83859,4.48114,3.67244,5.35545,4.49326,4.31207,4.61716,6.21119,7.16716,7.291,2.21749,2.97894,2.74788,1.82079,2.80736,2.26423,4.24676,2.45298,3.96227,3.53474,4.8524,4.56249,5.28491,5.03314,5.73857,5.10346,5.17155,2.99304,3.79579,2.92847,3.69299,4.12636,3.88974,3.23997,2.76327,3.36009,2.30367,2.34636,2.43751,4.37111,2.04984,4.04936,4.26157,4.82032,3.85768,5.22335,3.31146,5.19731,1.94901,5.17575,4.61807,4.06654,3.70357,4.92459,3.91143,3.85494,4.02619,3.08657,4.34889,2.78685,3.80574,3.15499,4.08851,2.32099,4.42337,4.28701,4.07749,2.17051,2.49542,3.42757,2.3752,5.34744,3.94366,2.23345,3.55552,2.73356,1.66661,1.76805,5.3225,4.26109,3.04607,3.28184,3.88892,2.96158,3.32024,1
4.60052,3.80121,3.43464,5.43651,4.74983,3.21491,7.25564,4.10416,3.12936,2.22151,2.87004,7.21267,3.17702,6.71969,3.50661,5.27804,6.47863,6.75032,3.61659,3.04967,3.07215,2.46501,5.04617,3.05818,4.93341,3.14549,3.0471,2.16781,4.71133,6.04063,4.17417,3.78072,6.86786,4.91372,5.52481,3.59918,5.08232,2.18581,3.97404,5.49682,5.4924,4.64473,4.2415,4.07331,2.92949,3.61874,3.65144,2.30443,4.25802,4.23528,4.51244,3.83025,6.29856,2.21935,2.39344,3.92402,3.16637,2.9829,6.3007,5.08334,5.55755,7.78257,5.42463,4.06386,3.4177,3.65598,3.75609,3.08602,6.08044,4.82268,2.54391,2.33606,4.07038,3.27903,4.71069,2.42354,5.6376,4.81122,4.26076,7.23003,5.15575,4.87037,4.40525,6.28418,5.803,5.90701,2.33435,2.89902,2.5022,1.87791,2.51384,1.98399,3.80402,2.38039,2.89696,2.23698,4.25127,4.5038,6.07604,4.34368,5.2258,4.77079,4.82414,3.58521,3.75032,2.77042,4.17183,3.65224,2.74262,3.33151,4.07164,2.70518,2.8171,2.51751,2.49591,4.49607,2.00154,4.06934,3.66656,4.55347,4.2828,4.6219,3.51389,5.21245,2.19718,5.07916,4.14976,4.05549,3.43564,4.44502,2.43296,4.38321,4.02065,3.03493,3.93401,3.79738,3.82667,3.67483,4.32302,2.53923,4.61081,3.81409,3.209,2.15988,2.30673,3.39619,2.16208,6.06987,5.06657,2.68119,2.91514,2.17636,1.76456,2.08183,5.46533,4.71643,2.84921,4.38562,4.35,3.52437,3.56246,1
4.62388,3.40071,2.81767,5.29839,4.18276,3.57242,7.66951,4.84813,2.74288,3.14748,3.33566,6.54586,3.42314,7.42755,4.97282,5.67881,6.64412,5.83176,3.80279,2.60005,2.84818,2.52016,4.71314,2.68993,4.95632,3.34261,3.31556,1.98497,3.82886,6.10609,4.78838,4.38653,6.42742,4.66352,5.3924,4.12731,4.91362,2.56853,3.8355,4.33115,5.28455,4.64447,3.88648,4.17136,2.39073,3.05603,3.52306,2.66674,4.02248,4.22699,4.93052,4.04012,5.74671,2.07021,2.65069,3.63966,2.56038,1.85587,6.0424,4.28668,5.03787,8.03395,4.46658,4.22751,3.89119,3.64951,5.38126,3.22202,6.42104,4.92395,2.66009,2.12215,4.68908,3.30482,6.31924,3.2468,5.93498,4.427,3.98874,5.58105,3.69732,4.18372,4.51479,7.77601,6.3826,6.7058,2.8218,2.16435,2.05507,4.22619,3.00691,2.32691,3.44198,3.04417,3.61331,2.83058,4.59694,4.47472,6.4174,5.24608,5.28824,4.65586,4.9881,4.13416,3.79891,3.07262,3.91415,4.18611,3.49651,3.33253,3.24508,2.90116,2.53322,2.46287,3.03778,4.53218,2.17904,4.3259,3.81915,4.68555,4.44848,5.38598,4.39679,4.51858,2.82115,4.73334,4.24308,4.02399,3.32717,4.31031,2.82817,4.36897,3.53411,3.51289,3.71812,2.7053,3.87991,3.22237,4.03186,2.12643,4.23777,4.04761,4.09031,2.61555,2.66986,3.473,2.21885,4.98366,4.01596,2.18694,3.19398,2.75131,1.77868,1.94174,4.78576,4.95506,2.10945,3.63167,6.07045,3.71942,3.54885,1
4.43192,3.8782,2.63754,5.77524,5.2173,3.825,6.16475,5.60092,2.5882,2.62546,2.72318,6.72683,3.70228,6.80222,5.00485,4.83329,6.1992,5.16537,3.68961,2.99771,3.00157,2.62785,4.77686,2.34112,3.41917,2.80249,2.70259,2.09536,2.67636,5.92989,4.43341,3.78296,6.4701,5.63472,5.35835,4.03394,4.95475,3.94819,5.09554,4.48513,4.86885,4.89059,4.15753,4.33258,2.57915,3.17463,3.29067,3.06136,3.60345,4.22873,4.9232,4.31874,5.83237,3.10832,2.78987,3.39148,3.46956,2.73849,5.90242,5.03205,5.37911,7.73445,4.61823,5.54947,3.90008,4.77447,4.87763,5.61957,6.01879,4.38847,2.51584,2.38982,4.60884,5.08227,5.72172,5.12607,5.58936,4.36906,4.17456,4.80592,4.80215,4.10144,4.83093,8.30616,6.87977,7.17485,2.62748,2.39676,2.51207,4.34556,3.50007,2.80217,3.04306,3.32702,3.61756,2.40424,5.64739,5.49716,5.09556,5.14533,5.60128,4.85902,4.79293,3.4075,4.23579,2.98646,4.04276,4.24485,2.90172,2.66273,2.78762,2.65329,2.70612,2.49921,2.74373,4.63065,2.1277,4.47461,4.38373,5.24236,4.58467,5.15913,5.18564,5.3357,2.1449,4.81368,4.05734,3.84974,2.8895,4.69638,2.09856,3.54554,3.3249,2.51645,3.15696,2.64262,3.7916,3.63738,3.99646,2.55961,4.25414,4.2052,4.02695,2.53911,2.76282,3.38025,2.16264,4.96271,5.10537,2.61423,3.42912,2.38224,1.61463,2.16107,4.8162,5.00754,3.35265,4.48437,6.42156,2.87608,3.76225,1
5.42514,3.49887,2.8071,5.4233,4.92935,3.89916,5.94868,4.8545,2.87627,2.57352,2.89458,6.1911,3.58699,6.35188,2.66289,5.12987,5.93347,5.31252,5.61406,5.27175,4.76059,2.8438,4.76101,3.05997,4.01378,2.80757,2.78403,1.94282,2.25396,5.97314,2.99674,4.72079,5.64285,6.4611,6.24274,3.59719,4.90088,2.39091,3.97292,4.30283,3.15903,4.58883,3.83829,4.21539,2.59178,3.12646,2.68514,3.20889,4.18387,4.50994,5.12115,3.45042,5.54377,2.26135,2.39998,3.89384,3.75572,2.68198,5.77853,4.42401,6.25894,7.3295,3.49981,3.91244,3.36533,3.36451,4.12329,3.11499,4.81763,4.81258,2.73379,2.1901,3.88268,2.70115,4.1574,2.64872,5.51112,4.95703,4.22544,4.46588,5.31096,4.12254,4.27737,5.00568,6.46101,5.44172,2.58755,2.85708,2.45086,4.03174,2.58536,2.61683,3.19462,3.68909,2.4398,2.43234,4.53504,4.63632,5.61125,4.61908,5.09395,4.86022,5.00861,3.46239,3.76135,2.48389,3.35908,3.62226,3.51893,3.04788,2.01724,3.94177,2.35393,2.69771,3.07159,4.84813,1.92303,3.81884,4.59039,3.88873,3.75765,5.20895,5.29392,4.97675,2.2141,4.85065,3.72161,3.7901,2.83129,4.10836,2.6037,4.07147,3.1256,2.55169,2.80616,3.93778,4.03668,3.30957,4.31402,2.5019,4.33031,4.06252,3.2758,2.88604,2.66859,3.24578,2.35067,4.9191,4.62005,2.40809,3.51785,2.77778,1.75556,2.1091,5.27779,4.91569,2.16458,5.08159,5.17685,4.75566,4.57949,1
4.10683,2.81734,2.65662,5.86566,4.41825,3.53604,8.2093,3.81876,2.44155,3.24985,2.76665,6.5692,3.87749,7.27069,3.65769,5.5678,6.22659,4.59605,5.22366,5.55009,4.5145,2.79002,4.52179,2.63539,2.96273,3.05624,2.79856,2.11233,2.62154,5.77131,4.23259,4.02002,6.92008,4.45585,5.27144,4.31833,4.7301,2.60823,2.9855,4.38882,2.97197,4.65698,4.41377,4.17139,2.66791,2.52925,2.8827,3.72912,3.8685,4.67379,4.80251,4.25735,5.35633,2.3317,2.92605,3.43427,2.3434,1.74531,6.13148,4.44859,5.56767,6.82424,4.40714,3.6732,3.98526,3.82597,4.45323,2.7862,5.14057,5.17209,2.99342,2.86341,3.53459,3.00125,3.9856,2.0898,5.69827,4.34778,3.9922,2.5032,5.12187,3.90914,4.25364,8.10178,7.1541,6.72921,2.21995,2.1436,3.06486,4.09825,2.78557,2.05372,3.26201,2.20339,2.96789,2.51319,4.10654,3.84243,6.20848,4.86565,5.42425,5.34375,5.48033,3.69685,3.70959,2.74701,3.88846,3.67924,3.79065,3.45832,3.26422,3.17058,3.37162,2.25445,2.4629,4.90279,2.35764,4.15737,4.41418,4.67998,3.44018,4.87566,3.26381,5.33014,2.52502,4.38266,4.47838,4.39862,3.2856,4.23595,2.66035,4.05441,3.14366,2.79095,3.45047,3.42531,3.67537,2.72128,4.75388,2.13677,4.3387,4.378,4.46264,2.31004,2.71093,2.71106,2.03604,5.39126,4.01509,2.04032,3.18107,2.94085,1.6191,2.02958,5.14552,4.52376,3.4361,6.1708,5.38775,3.01491,4.13469,1
