83-148,83-149,83-150,123-299,161-176,168-297,172-174,256-291,301-303,47-74,58-93,116-218,121-303,122-301,128-292,129-294,132-294,145-154,145-155,145-211,146-151,155-177,179-183,189-191,200-206,206-210,208-211,208-276,208-277,259-291,262-287,288-294,293-295,50-104,53-106,63-77,76-178,77-175,80-176,81-89,81-90,81-174,89-141,113-195,116-122,124-225,124-300,131-256,154-161,156-196,191-193,197-207,199-207,207-274,208-271,213-229,215-259,232-238,259-283,297-299,32-55,39-59,87-170,94-102,114-160,195-228,labels
6.98172,8.03743,8.49984,4.84695,4.78105,5.04026,4.63637,14.2376,5.40775,5.61842,6.7216,5.12708,6.59466,5.38458,6.5166,5.77261,5.37238,6.99596,6.01721,4.55612,4.93871,9.21988,6.0529,5.6376,8.65219,6.41441,5.46767,6.53455,6.72546,10.6672,6.05589,9.68945,6.31304,2.92703,4.27318,3.77693,3.01775,2.61166,2.72451,4.13582,3.04659,4.53029,4.7687,2.50103,2.77755,3.75803,2.19977,3.54182,3.01411,4.60871,3.71434,4.59525,1.93994,2.70341,3.8272,4.6358,2.9062,5.11529,2.26574,2.96213,4.96796,4.80872,3.2925,3.56276,4.62672,4.68871,0
7.91593,8.46268,9.79619,5.72662,4.99733,5.13205,4.3694,15.1991,4.97206,4.99449,6.49931,4.70084,5.04633,5.10438,6.09348,5.98866,5.32988,7.01314,5.97177,5.22922,4.5531,9.3815,7.21216,5.69125,8.4178,6.10768,5.58258,7.31009,7.77294,11.7822,4.99577,9.39465,6.21448,2.90264,4.05759,3.42611,2.48815,2.70427,3.20436,3.59876,3.35833,4.14962,4.54435,3.18783,4.78933,2.66386,2.10719,4.39511,2.58305,4.75233,3.3367,4.52439,1.90458,3.07551,4.40169,3.87296,4.14492,3.16481,2.94757,2.90008,4.80238,3.67042,4.25556,4.8138,4.41905,3.84523,0
3.19709,4.14582,5.59771,4.2952,4.94506,5.21529,5.01088,14.4558,5.0703,5.63425,4.63862,5.59525,5.32358,5.12659,5.9249,5.80806,5.39087,7.0158,6.54047,5.08405,5.52432,9.3871,5.63034,5.47981,7.98733,5.71176,5.60547,7.47989,7.76841,11.0253,6.37927,9.74936,6.42579,4.66221,4.18573,3.81736,2.72907,3.25339,2.43482,4.03522,4.10189,4.56601,4.41153,3.44991,2.96092,2.70372,2.07521,3.8837,2.37633,3.74795,4.35877,4.72515,2.13567,2.41976,3.95876,5.22021,3.94568,3.12993,1.96796,2.89515,5.51889,3.78153,4.38807,4.91285,4.38986,4.45253,0
4.92428,2.19683,5.15414,5.15719,4.69634,5.01173,5.00048,14.3499,4.94101,5.54568,6.01471,4.77103,4.66832,4.53452,5.67746,6.82117,6.10486,7.213,6.09878,5.13149,4.767,9.45074,6.47319,4.9684,8.36988,5.90634,5.04553,6.38365,6.67873,11.5194,5.69589,10.5528,6.26893,4.74151,4.63559,3.46,2.48732,2.82691,2.44736,3.89717,2.90788,4.40121,4.63947,2.52416,2.63961,2.60061,2.42515,3.45586,3.07471,3.8092,4.05975,4.64397,1.66349,2.87966,4.31825,5.78751,4.16933,2.78793,2.65412,4.95467,4.73967,3.51232,4.20944,3.97991,4.8555,4.7351,0
3.36984,3.98278,5.10306,3.88632,5.00283,5.11213,4.98825,14.5466,5.37213,5.62442,3.57815,4.27272,5.08676,4.91629,6.09367,6.21853,6.10679,7.04106,6.11592,5.06431,5.32974,10.007,5.23603,5.58744,8.50248,5.86539,5.42167,6.33788,6.81302,11.8119,5.72615,10.4146,5.94185,4.98714,4.07415,1.76321,2.74819,4.01913,2.96008,3.96002,2.9829,4.72707,4.36756,2.50999,2.59056,3.18109,2.60397,3.68688,2.99849,4.61567,3.57775,4.37176,1.98148,2.95955,3.96655,4.24915,3.71755,2.30889,2.13422,2.96693,3.69179,4.22143,4.78941,4.54001,4.96115,4.90827,0
3.76155,4.44284,6.12459,4.90722,4.91182,5.37944,4.73117,13.8447,4.59268,6.37703,4.77649,4.45276,4.59774,5.31177,4.93507,6.17616,6.0691,7.02371,6.14643,4.96791,4.30933,9.21036,6.58561,5.25679,8.28549,6.13118,6.03652,6.36491,6.67557,11.4585,6.02495,10.0784,6.04367,5.00924,4.39812,1.99415,2.41508,3.13407,2.90851,4.04627,3.04973,4.08642,4.12122,2.77663,2.80857,2.68659,2.32828,3.34408,3.19195,4.18803,3.54985,4.70906,1.74662,2.47706,4.182,4.0038,4.10641,3.37775,2.32313,2.71335,3.53432,3.55075,3.66259,4.54624,5.52552,4.34882,0
5.76129,5.94946,7.25685,3.98009,4.72784,5.06096,5.00465,15.083,5.90625,6.29533,5.29261,5.14505,5.53494,4.8089,6.53315,6.15463,5.8423,7.07595,6.15329,5.27965,5.30211,9.45134,5.2293,5.10048,7.85833,6.04979,5.68317,6.53342,6.7482,11.692,5.45077,10.4773,6.57831,4.37476,4.45807,1.74372,2.39469,3.12698,2.56141,3.86589,3.76555,4.80247,4.49425,2.96261,2.67141,3.00171,3.34653,4.43805,3.12905,4.70621,4.40938,5.04839,1.80115,2.4346,3.89231,3.67539,4.45095,2.33688,3.70647,2.22431,4.40875,3.60188,4.01332,5.11326,4.9114,4.86515,0
5.84664,5.19958,6.69821,3.70781,5.03388,5.10414,5.24649,15.4749,4.89777,5.80717,5.99371,4.72492,7.32976,5.00376,5.33236,6.27751,6.03152,7.04459,6.05858,5.48937,5.38593,9.41599,6.83777,5.44063,8.88766,5.89268,5.98027,5.59081,5.99968,12.4492,4.93354,10.2713,5.87095,3.7771,4.38625,1.72272,2.29119,3.23347,2.75696,4.96124,3.28745,4.8166,4.08489,3.33836,3.02154,3.06209,2.25507,4.58848,2.74811,3.36502,3.92729,4.84732,1.91195,3.24867,4.12098,3.70671,5.43904,2.71736,3.57447,3.12483,3.64241,4.37257,3.71878,4.82537,4.84839,4.22815,0
2.59488,3.84461,5.27231,3.63808,4.57957,5.17273,5.16674,14.6314,5.14964,6.04494,5.08533,5.4501,7.86239,3.95144,5.0516,6.23408,5.63549,6.65503,6.56189,4.74262,4.91739,8.258,6.4069,5.79709,7.04452,4.70843,5.52805,4.93289,5.61835,12.2198,5.77593,9.64522,6.66078,2.35842,4.13708,1.66122,2.52321,3.52638,2.29871,3.39706,3.37761,3.63762,4.69722,2.97594,4.18092,2.79528,2.33663,3.92147,2.68923,3.36515,3.6736,4.58844,1.59018,2.71922,4.29516,4.32291,4.76451,2.79669,2.88126,2.84788,3.97522,4.44905,3.74116,3.8759,4.77546,4.49888,0
2.54641,4.31167,6.06185,5.17188,5.19962,4.58905,5.25533,15.7994,4.51969,5.2284,5.73282,5.57455,6.73149,4.41966,5.51197,6.41136,6.50713,7.02764,5.52486,5.36805,4.92558,10.2698,6.63726,5.83536,8.4462,5.8574,5.22759,5.66075,6.18365,13.362,5.5784,11.7586,6.02668,2.01497,4.59439,1.83234,2.3829,3.33512,2.6644,3.97615,3.52946,4.26769,4.09764,3.0481,2.46254,2.75757,2.68456,4.62557,2.47151,4.62094,4.0412,4.60733,1.86715,2.27387,4.79157,3.5421,5.55348,2.5695,5.09971,4.24669,4.79928,4.76296,4.01299,4.42158,4.53239,4.55735,0
2.80351,3.35661,2.64632,4.96242,4.33939,4.64845,4.45682,3.22876,3.79534,2.77425,3.62039,3.84203,3.23119,4.22868,2.31263,2.20576,2.45718,2.10666,4.26941,4.60744,4.17199,3.10614,3.49214,3.54191,2.55821,3.23448,3.26659,2.14937,2.37054,2.55321,3.73152,3.22434,3.91005,5.1581,5.19794,6.95744,6.59504,8.17344,4.84209,5.56972,6.91201,6.35047,4.95523,3.40422,5.84032,6.60074,4.74052,4.58043,5.33979,5.80665,6.15837,7.38917,5.42588,6.33488,6.78968,5.51543,3.9581,2.41251,5.44506,5.62203,5.49918,5.68782,5.53175,5.11062,4.61447,4.81497,1
3.45658,3.54681,2.98023,4.26951,3.14837,5.10227,4.62889,3.48742,3.6454,3.81428,2.85333,3.68081,3.80683,3.90573,2.69779,2.26717,3.55027,2.03779,4.21426,4.98072,4.60026,2.32493,2.93355,3.46409,2.74307,3.01885,2.56651,1.68598,1.86528,2.79669,3.74043,4.14712,4.03755,5.45995,5.25205,6.83168,6.3769,7.42882,5.09966,5.62175,6.60214,6.53892,4.45179,5.7563,6.06227,6.67943,5.16773,5.05093,4.11533,5.90074,6.057,5.56306,4.77315,5.34112,7.32977,6.44038,5.17137,4.98841,5.30646,5.42915,5.11733,5.66403,6.02077,5.14664,5.46334,4.11621,1
2.99363,3.07109,3.10188,4.27704,4.17015,4.70454,5.03752,2.76519,4.74933,2.72147,3.73844,4.42532,4.67225,4.2083,2.17077,1.97405,2.55484,2.56231,4.25975,4.10873,4.41374,2.92523,3.86117,3.4764,2.25334,3.50937,2.55897,1.80969,1.75404,4.1011,3.91678,4.17838,3.83324,4.69087,5.05124,6.2597,6.69385,7.16471,4.53467,4.40054,5.90794,5.7159,5.24802,4.64848,6.48602,6.59709,5.91826,3.81649,5.06429,5.37527,5.84403,6.21629,4.43012,5.18183,7.69533,4.89704,4.19485,6.08297,4.23825,4.74444,4.15443,4.46796,6.10077,5.23108,4.99064,3.6618,1
4.54984,2.11761,3.70572,4.2629,3.66087,4.86144,4.88227,4.69799,3.82621,2.43008,3.63514,3.25568,3.72483,3.70747,2.43842,2.44877,2.6839,2.36364,4.47646,4.28885,4.71812,2.02099,3.64164,4.36978,2.04514,3.19364,2.99045,1.68144,1.97278,2.64395,4.40753,4.88757,3.47281,5.18964,4.841,6.53678,6.31821,7.68011,5.62854,5.17686,6.46542,5.81862,5.2695,5.40132,6.49602,6.7857,4.92679,5.14426,5.07392,5.05566,6.10766,6.04379,5.0501,5.22731,7.52599,5.00304,5.44565,3.02889,5.34721,4.473,5.11516,5.01485,5.20464,5.33217,5.72793,4.95247,1
3.83903,2.63215,3.60711,4.34013,3.40447,5.11065,4.69778,4.70946,3.67244,2.97894,2.80736,3.79579,3.69299,4.12636,2.30367,2.34636,2.43751,2.04984,4.04936,4.26157,4.82032,1.94901,3.15499,4.07749,2.23345,3.55552,2.73356,1.66661,1.76805,3.04607,3.28184,2.96158,3.32024,5.81053,3.91848,6.70903,6.30018,7.50331,4.45407,5.50691,5.12079,5.85956,4.99271,5.0232,6.76151,6.42172,5.57805,4.62326,4.54314,5.1427,6.2135,6.61892,4.71572,5.80876,6.87214,6.00045,5.85776,5.49509,5.40934,4.83859,4.49326,4.31207,5.28491,5.73857,5.17155,5.34744,1
3.61659,3.04967,3.07215,4.17417,4.25802,4.23528,4.51244,3.27903,4.26076,2.89902,2.51384,3.75032,4.17183,3.65224,2.8171,2.51751,2.49591,2.00154,4.06934,3.66656,4.55347,2.19718,3.67483,3.209,2.68119,2.91514,2.17636,1.76456,2.08183,2.84921,4.38562,3.52437,3.56246,5.43651,4.74983,7.25564,7.21267,6.71969,3.50661,5.27804,6.47863,6.75032,5.04617,4.71133,6.04063,6.86786,5.52481,3.97404,5.49682,5.4924,6.29856,6.3007,5.08334,5.55755,7.78257,5.42463,4.06386,3.08602,4.71069,5.6376,5.15575,4.87037,6.07604,5.2258,4.82414,6.06987,1
3.80279,2.60005,2.84818,4.78838,4.02248,4.22699,4.93052,3.30482,3.98874,2.16435,3.00691,3.79891,3.91415,4.18611,2.53322,2.46287,3.03778,2.17904,4.3259,3.81915,4.68555,2.82115,3.22237,4.09031,2.18694,3.19398,2.75131,1.77868,1.94174,2.10945,3.63167,3.71942,3.54885,5.29839,4.18276,7.66951,6.54586,7.42755,4.97282,5.67881,6.64412,5.83176,4.71314,3.82886,6.10609,6.42742,5.3924,3.8355,4.33115,5.28455,5.74671,6.0424,4.28668,5.03787,8.03395,4.46658,4.22751,3.22202,6.31924,5.93498,3.69732,4.18372,6.4174,5.28824,4.9881,4.98366,1
3.68961,2.99771,3.00157,4.43341,3.60345,4.22873,4.9232,5.08227,4.17456,2.39676,3.50007,4.23579,4.04276,4.24485,2.70612,2.49921,2.74373,2.1277,4.47461,4.38373,5.24236,2.1449,3.63738,4.02695,2.61423,3.42912,2.38224,1.61463,2.16107,3.35265,4.48437,2.87608,3.76225,5.77524,5.2173,6.16475,6.72683,6.80222,5.00485,4.83329,6.1992,5.16537,4.77686,2.67636,5.92989,6.4701,5.35835,5.09554,4.48513,4.86885,5.83237,5.90242,5.03205,5.37911,7.73445,4.61823,5.54947,5.61957,5.72172,5.58936,4.80215,4.10144,5.09556,5.60128,4.79293,4.96271,1
5.61406,5.27175,4.76059,2.99674,4.18387,4.50994,5.12115,2.70115,4.22544,2.85708,2.58536,3.76135,3.35908,3.62226,2.35393,2.69771,3.07159,1.92303,3.81884,4.59039,3.88873,2.2141,3.30957,3.2758,2.40809,3.51785,2.77778,1.75556,2.1091,2.16458,5.08159,4.75566,4.57949,5.4233,4.92935,5.94868,6.1911,6.35188,2.66289,5.12987,5.93347,5.31252,4.76101,2.25396,5.97314,5.64285,6.24274,3.97292,4.30283,3.15903,5.54377,5.77853,4.42401,6.25894,7.3295,3.49981,3.91244,3.11499,4.1574,5.51112,5.31096,4.12254,5.61125,5.09395,5.00861,4.9191,1
5.22366,5.55009,4.5145,4.23259,3.8685,4.67379,4.80251,3.00125,3.9922,2.1436,2.78557,3.70959,3.88846,3.67924,3.37162,2.25445,2.4629,2.35764,4.15737,4.41418,4.67998,2.52502,2.72128,4.46264,2.04032,3.18107,2.94085,1.6191,2.02958,3.4361,6.1708,3.01491,4.13469,5.86566,4.41825,8.2093,6.5692,7.27069,3.65769,5.5678,6.22659,4.59605,4.52179,2.62154,5.77131,6.92008,5.27144,2.9855,4.38882,2.97197,5.35633,6.13148,4.44859,5.56767,6.82424,4.40714,3.6732,2.7862,3.9856,5.69827,5.12187,3.90914,6.20848,5.42425,5.48033,5.39126,1
