,Importance,Cumulative
124-300,0.026154893827738324,0.026154893827738324
207-274,0.026053655808376996,0.05220854963611532
297-299,0.02578290814800708,0.07799145778412239
76-178,0.025734849356637182,0.10372630714075957
63-77,0.025328040191750677,0.12905434733251026
208-271,0.025259504607143733,0.154313851939654
124-225,0.025119846206426707,0.1794336981460807
116-122,0.024542806540046962,0.20397650468612766
199-207,0.02384279469735625,0.22781929938348391
87-170,0.02378792813673209,0.251607227520216
154-161,0.022200495523949867,0.2738077230441659
77-175,0.02214673811662543,0.2959544611607913
81-90,0.02144583964767802,0.31740030080846937
191-193,0.020245508556752362,0.3376458093652217
81-89,0.019564733911959304,0.357210543277181
197-207,0.019024932315289216,0.3762354755924702
89-141,0.017067708295274087,0.3933031838877443
53-106,0.01600246798048772,0.40930565186823203
94-102,0.015202799883141205,0.42450845175137325
80-176,0.014090722569939956,0.43859917432131323
259-283,0.01403866038211678,0.45263783470343
81-174,0.013795508068074022,0.466433342771504
50-104,0.013202083511791163,0.47963542628329514
232-238,0.01289649558620409,0.49253192186949923
32-55,0.011819386139042666,0.5043513080085419
114-160,0.006955861889708145,0.51130716989825
39-59,0.0060200447910799225,0.5173272146893299
83-148,0.00490649338174657,0.5222337080710764
195-228,0.004356595467237708,0.526590303538314
113-195,0.0008590683169327664,0.5274493718552468
213-229,0.0006985575034305014,0.5281479293586773
172-174,0.0001697130838021681,0.5283176424424795
83-149,-0.001201200961607261,0.5271164414808722
156-196,-0.002104585395738153,0.5250118560851341
131-256,-0.0038075887275810954,0.521204267357553
215-259,-0.004681816598686344,0.5165224507588666
123-299,-0.006201484791290062,0.5103209659675766
262-287,-0.011173394777287087,0.4991475711902895
83-150,-0.012442180166019579,0.48670539102426996
161-176,-0.01692602618970096,0.469779364834569
146-151,-0.01724330891742376,0.45253605591714524
121-303,-0.01815318451894198,0.43438287139820325
58-93,-0.01834855787684294,0.41603431352136033
301-303,-0.018503605060734007,0.3975307084606263
145-211,-0.018804906795668742,0.37872580166495756
122-301,-0.020348482481337443,0.35837731918362015
116-218,-0.021121559925126886,0.33725575925849327
179-183,-0.021663987805419255,0.31559177145307404
206-210,-0.021695206340056394,0.29389656511301765
189-191,-0.021891591775908433,0.2720049733371092
168-297,-0.022034627341443343,0.24997034599566587
128-292,-0.022826570031919107,0.22714377596374677
288-294,-0.023986645082892506,0.20315713088085427
259-291,-0.024136222747803547,0.17902090813305072
293-295,-0.024226152221637643,0.15479475591141306
208-276,-0.024479020962851154,0.1303157349485619
208-277,-0.024538746944920475,0.10577698800364144
200-206,-0.024563010592049985,0.08121397741159145
155-177,-0.024811042569801926,0.05640293484178952
145-154,-0.02504450406762813,0.031358430774161394
129-294,-0.025647382396384723,0.005711048377776671
256-291,-0.02566425599434693,-0.01995320761657026
132-294,-0.02603228416029084,-0.0459854917768611
208-211,-0.02657500573920341,-0.07256049751606451
47-74,-0.02842574546684511,-0.10098624298290962
145-155,-0.028659751084289333,-0.12964599406719896
