,Importance,Cumulative
294-296,0.09233918354762566,0.09233918354762566
44-48,0.0711185561129625,0.16345773966058816
161-176,0.06853034280929435,0.2319880824698825
154-211,0.06412155227396601,0.29610963474384855
44-49,0.0634164220873221,0.35952605683117067
182-184,0.05984819952941632,0.419374256360587
191-193,0.05697837801137949,0.4763526343719665
207-271,0.054940136041877446,0.5312927704138439
207-274,0.05236507982306117,0.5836578502369051
244-269,0.05152846062232508,0.6351863108592302
45-48,0.05048010772195368,0.6856664185811838
156-196,0.05027927343858737,0.7359456920197712
199-207,0.045141366544801644,0.7810870585645728
156-210,0.041878780284423815,0.8229658388489967
197-207,0.039258986971363874,0.8622248258203605
107-110,0.03904542552902024,0.9012702513493808
81-90,0.038734500500258354,0.9400047518496392
113-195,0.03805452678363125,0.9780592786332705
202-204,0.034726624659533946,1.0127859032928044
159-195,0.034440065912842086,1.0472259692056465
62-96,0.03233824117319066,1.0795642103788372
116-122,0.0317481935708604,1.1113124039496975
158-214,0.029819940600377494,1.141132344550075
194-217,0.029740329607829727,1.1708726741579047
83-148,0.028681842201073875,1.1995545163589787
107-164,0.028284262738196935,1.2278387790971756
256-287,0.02742831047870272,1.2552670895758784
208-271,0.027336677752669847,1.2826037673285482
37-39,0.025398170769069736,1.308001938097618
199-204,0.024866542687081217,1.332868480784699
160-195,0.02481544000240163,1.3576839207871008
198-248,0.02263426324919889,1.3803181840362997
80-176,0.022104360248835893,1.4024225442851357
252-267,0.021939297976603753,1.4243618422617395
244-248,0.020811672215005236,1.4451735144767446
81-174,0.020169016375272786,1.4653425308520174
168-297,0.020037801556272383,1.4853803324082897
71-75,0.01965841889664303,1.5050387513049328
232-238,0.018390879770175447,1.5234296310751083
192-195,0.017999455170563127,1.5414290862456714
64-99,0.01639098818734734,1.5578200744330188
83-149,0.015763607163086085,1.5735836815961048
28-94,0.015489882994791045,1.589073564590896
259-283,0.015036885012545487,1.6041104496034415
134-171,0.013400943465348529,1.61751139306879
90-165,0.013226907193628835,1.630738300262419
116-133,0.012114430800087013,1.642852731062506
42-106,0.01204467087522425,1.6548974019377303
213-229,0.010498932278508368,1.6653963342162386
217-229,0.009375708626733157,1.6747720428429718
72-76,0.008774815725303508,1.6835468585682754
131-255,0.008698094284120996,1.6922449528523964
215-259,0.008637229282729595,1.700882182135126
108-167,0.008026545235646757,1.7089087273707728
197-243,0.007979896310871645,1.7168886236816445
169-298,0.006466243166993005,1.7233548668486376
209-277,0.006415805947969838,1.7297706727966073
89-141,0.00614690968035881,1.7359175824769661
85-91,0.006042517909899413,1.7419601003868657
226-230,0.006006908370223137,1.7479670087570889
85-89,0.005854388064878527,1.7538213968219674
83-152,0.004975529203618473,1.7587969260255858
81-89,0.00408591235706412,1.7628828383826498
53-106,0.0037528100399478077,1.7666356484225976
127-291,0.0027721051139809787,1.7694077535365786
232-247,0.002059032734452423,1.7714667862710312
243-249,0.0018611349907203256,1.7733279212617514
146-151,0.001804545736480854,1.7751324669982322
186-200,0.001688211689143751,1.776820678687376
133-168,0.0016193832667317672,1.7784400619541076
108-166,0.0011592529450877723,1.7795993148991953
136-169,0.0011194907049272293,1.7807188056041225
128-293,-0.00040161895875584497,1.7803171866453666
131-256,-0.0005414705170173014,1.7797757161283494
219-255,-0.0012136777892279326,1.7785620383391214
183-185,-0.0019560755545241205,1.7766059627845974
87-170,-0.0026222732902992903,1.7739836894942982
174-176,-0.0037951878449062485,1.770188501649392
129-298,-0.004397201410843741,1.7657913002385481
42-61,-0.005239958265733752,1.7605513419728145
109-168,-0.005543529110197626,1.7550078128626168
232-242,-0.005759106443603868,1.749248706419013
63-77,-0.0062202548000878585,1.7430284516189252
90-175,-0.006277613649405658,1.7367508379695196
32-55,-0.00835135417368127,1.7283994837958383
133-170,-0.008656334953920342,1.719743148841918
223-263,-0.008895942542106123,1.710847206299812
77-175,-0.009260466463578358,1.7015867398362337
275-283,-0.010717642810940212,1.6908690970252935
223-259,-0.011699892327628822,1.6791692046976647
50-104,-0.014301592233966891,1.6648676124636979
168-170,-0.014780221107970268,1.6500873913557277
161-163,-0.015543557906373393,1.6345438334493543
39-59,-0.016930463988364532,1.6176133694609898
83-150,-0.017154849299621626,1.6004585201613681
167-297,-0.017544979695976723,1.5829135404653913
76-178,-0.019852231322123874,1.5630613091432675
77-178,-0.020254815352143143,1.5428064937911243
207-211,-0.020334096816435443,1.522472396974689
193-240,-0.020647003098287577,1.5018253938764015
154-161,-0.021676326956433845,1.4801490669199677
165-167,-0.022773661225768384,1.4573754056941994
126-294,-0.022803160041325588,1.4345722456528738
122-301,-0.023361835533606604,1.411210410119267
52-54,-0.024962588105115043,1.386247822014152
70-74,-0.0271801254513448,1.3590676965628072
165-168,-0.027670414192131926,1.3313972823706752
193-196,-0.027968318337362744,1.3034289640333125
47-102,-0.028453043476012484,1.2749759205573001
220-229,-0.029686643905851295,1.245289276651449
155-178,-0.030795412594432376,1.2144938640570166
47-178,-0.032187919954504984,1.1823059441025117
145-154,-0.03404594963738787,1.1482599944651237
126-295,-0.0356505580071026,1.112609436458021
47-70,-0.03692190233815367,1.0756875341198673
165-169,-0.03907420409964598,1.0366133300202214
208-212,-0.04091608692160984,0.9956972430986115
66-71,-0.04180139905407301,0.9538958440445385
69-72,-0.04203313572777177,0.9118627083167667
208-277,-0.0421565233487111,0.8697061849680556
208-211,-0.046275740680071474,0.8234304442879842
47-74,-0.050997981543619925,0.7724324627443643
68-72,-0.05247824127482018,0.7199542214695441
208-276,-0.060519907106944264,0.6594343143625999
183-206,-0.06232967347606625,0.5971046408865337
158-192,-0.07407087539123562,0.5230337654952981
48-70,-0.07557336915244085,0.4474603963428573
192-194,-0.07587253956753365,0.37158785677532363
206-210,-0.07604195528857316,0.2955459014867505
66-70,-0.07724088179098308,0.21830501969576738
145-211,-0.07941609358056649,0.13888892611520087
65-70,-0.08310977838590115,0.05577914772929972
200-206,-0.09937033515002316,-0.043591187420723446
184-206,-0.11126786116198333,-0.15485904858270677
